DMA_GCODE,Segment_1,Share_%_1,Segment_2,Share_%_2,Segment_3,Share_%_3,Segment_4,Share_%_4,Segment_5,Share_%_5,Segment_6,Share_%_6,Segment_7,Share_%_7,Segment_8,Share_%_8,Segment_9,Share_%_9,Segment_10,Share_%_10,Segment_11,Share_%_11,Segment_12,Share_%_12,Segment_13,Share_%_13,Segment_14,Share_%_14,Segment_15,Share_%_15,Segment_16,Share_%_16,Segment_17,Share_%_17,Segment_18,Share_%_18,Segment_19,Share_%_19,Segment_20,Share_%_20
500,Mayberry-ville,8.26,Simple Pleasures,6.53,Heartlanders,6.02,Fast-Track Families,5.85,Country Casuals,4.52,Country Strong,4.34,"Red, White and Blue",3.95,Big Sky Families,3.87,Crossroad Villagers,3.03,Traditional Times,3.0,Back Country Folks,2.85,,,,,,,,,,,,,,,,,,
501,Urban Elders,8.76,Low-Rise Living,5.62,Aspiring A-Listers,4.72,American Dreams,4.64,Urban Achievers,4.38,Connected Bohemians,4.09,Money and Brains,4.02,Multi-Culti Mosaic,3.86,City Roots,3.58,Upper Crust,3.49,Multi-Culti Families,3.4,,,,,,,,,,,,,,,,,,
502,Country Casuals,7.07,Simple Pleasures,5.55,Heartlanders,4.69,Big Sky Families,4.56,"Red, White and Blue",4.38,Country Strong,4.23,Back Country Folks,4.17,Generation Web,4.0,Family Thrifts,3.35,New Melting Pot,3.23,American Classics,2.95,Young and Rustic,2.9,,,,,,,,,,,,,,,,
503,Young and Rustic,7.75,Back Country Folks,6.87,Bedrock America,5.29,Family Thrifts,5.07,Small-Town Collegiates,4.67,Country Strong,3.43,White Picket Fences,3.19,Lo-Tech Singles,3.19,Hometown Retired,3.04,Big Sky Families,3.03,Golden Ponds,2.93,Country Casuals,2.81,,,,,,,,,,,,,,,,
504,Urban Modern Mix,4.55,Cruisin' to Retirement,2.99,Gray Power,2.84,Country Squires,2.8,Middleburg Managers,2.68,Multi-Culti Mosaic,2.67,City Roots,2.36,The Cosmopolitans,2.27,Toolbelt Traditionalists,2.24,Empty Nests,2.23,"Big Fish, Small Pond",2.18,Urban Achievers,2.17,Multi-Culti Families,2.15,"Bright Lights, Li'l City",2.12,Movers and Shakers,2.11,Executive Suites,2.08,American Classics,2.04,Upper Crust,2.04,Beltway Boomers,2.01,Domestic Duos,2.01
505,Urban Modern Mix,7.85,City Roots,3.93,Middleburg Managers,2.8,Gray Power,2.78,Executive Suites,2.78,Multi-Culti Mosaic,2.68,Empty Nests,2.63,Toolbelt Traditionalists,2.36,"Bright Lights, Li'l City",2.35,Generation Web,2.33,Domestic Duos,2.27,American Classics,2.2,Multi-Culti Families,2.11,Home Sweet Home,2.0,Cruisin' to Retirement,2.0,,,,,,,,,,
506,Country Squires,5.27,"Big Fish, Small Pond",4.81,Connected Bohemians,3.76,The Cosmopolitans,3.71,Traditional Times,2.95,Upper Crust,2.76,Gray Power,2.69,Movers and Shakers,2.53,Young Digerati,2.47,Cruisin' to Retirement,2.33,Pickup Patriarchs,2.21,Mayberry-ville,2.2,Up-and-Comers,2.18,Domestic Duos,2.15,Urban Elders,2.04,Networked Neighbors,2.04,,,,,,,,
507,Small-Town Collegiates,8.44,White Picket Fences,7.69,Young and Rustic,6.63,Traditional Times,4.75,Back Country Folks,4.22,"Kid Country, USA",3.73,"Big Fish, Small Pond",3.57,Country Strong,3.41,Bedrock America,3.31,Big Sky Families,3.17,New Homesteaders,3.11,,,,,,,,,,,,,,,,,,
508,Pickup Patriarchs,3.08,Heartlanders,3.05,Traditional Times,3.01,Hometown Retired,2.96,American Classics,2.84,Crossroad Villagers,2.66,Golden Ponds,2.61,"Big Fish, Small Pond",2.58,Country Squires,2.51,Toolbelt Traditionalists,2.49,Struggling Singles,2.35,Lo-Tech Singles,2.34,Country Casuals,2.29,New Homesteaders,2.28,The Cosmopolitans,2.28,"Bright Lights, Li'l City",2.19,"Red, White and Blue",2.16,Simple Pleasures,2.08,,,,
509,Big Sky Families,4.86,Campers and Camo,4.7,Country Casuals,4.22,"Kid Country, USA",3.76,Golden Ponds,3.7,Township Travelers,3.25,Bedrock America,3.14,Metro Grads,3.12,Hometown Retired,3.12,Family Thrifts,2.98,Country Strong,2.95,Heartlanders,2.92,Home Sweet Home,2.81,Crossroad Villagers,2.72,Small-Town Collegiates,2.55,,,,,,,,,,
510,Urban Modern Mix,4.0,Lo-Tech Singles,3.06,Park Bench Seniors,3.02,Toolbelt Traditionalists,3.02,American Classics,3.02,Empty Nests,3.02,Struggling Singles,2.97,"Bright Lights, Li'l City",2.82,City Roots,2.63,Traditional Times,2.57,Pickup Patriarchs,2.55,Family Thrifts,2.43,Home Sweet Home,2.39,Domestic Duos,2.36,Metro Grads,2.32,Middleburg Managers,2.26,"Big Fish, Small Pond",2.08,,,,,,
511,Networked Neighbors,5.77,Movers and Shakers,5.31,Upper Crust,4.93,Winner's Circle,4.55,Connected Bohemians,4.41,Young Digerati,4.01,Kids and Cul-de-Sacs,3.19,Aspiring A-Listers,2.94,Beltway Boomers,2.66,Young and Influential,2.61,The Cosmopolitans,2.58,Fast-Track Families,2.28,Country Squires,2.16,Gray Power,2.15,,,,,,,,,,,,
512,Urban Modern Mix,4.71,Kids and Cul-de-Sacs,4.14,Beltway Boomers,3.32,Movers and Shakers,3.29,Upper Crust,3.18,Networked Neighbors,3.06,Winner's Circle,3.03,The Cosmopolitans,2.77,Gray Power,2.74,Mayberry-ville,2.53,Cruisin' to Retirement,2.32,"Big Fish, Small Pond",2.23,Country Squires,2.21,Toolbelt Traditionalists,2.16,Young and Influential,2.13,Low-Rise Living,2.13,Up-and-Comers,2.13,Middleburg Managers,2.04,,,,
513,Heartlanders,5.0,Lo-Tech Singles,4.96,Struggling Singles,4.79,Hometown Retired,4.59,Country Casuals,4.45,Country Strong,3.79,Simple Pleasures,3.68,"Red, White and Blue",3.36,Big Sky Families,3.33,Back Country Folks,3.25,"Kid Country, USA",2.98,Golden Ponds,2.93,Crossroad Villagers,2.84,Second City Generations,2.64,,,,,,,,,,,,
514,Urban Modern Mix,4.59,Heartlanders,3.41,Country Casuals,3.01,Empty Nests,2.83,Toolbelt Traditionalists,2.8,"Bright Lights, Li'l City",2.68,Pickup Patriarchs,2.68,American Classics,2.65,City Roots,2.59,Middleburg Managers,2.57,Country Strong,2.3,Traditional Times,2.27,Home Sweet Home,2.24,Urban Achievers,2.23,Struggling Singles,2.18,Big Sky Families,2.12,"Red, White and Blue",2.1,,,,,,
515,"Bright Lights, Li'l City",2.47,Park Bench Seniors,2.27,Executive Suites,2.27,Township Travelers,2.18,Toolbelt Traditionalists,2.15,Generation Web,2.15,Beltway Boomers,2.14,Struggling Singles,2.14,Middleburg Managers,2.08,Pools and Patios,2.03,Cruisin' to Retirement,2.03,American Classics,2.02,Metro Grads,2.02,New Homesteaders,2.02,,,,,,,,,,,,
516,Family Thrifts,5.35,Country Casuals,4.65,Heartlanders,4.63,Simple Pleasures,4.23,Big Sky Families,3.66,"Red, White and Blue",3.34,Bedrock America,2.97,American Classics,2.97,"Bright Lights, Li'l City",2.91,Golden Ponds,2.86,Country Strong,2.85,Park Bench Seniors,2.74,Back Country Folks,2.69,Struggling Singles,2.61,Toolbelt Traditionalists,2.57,,,,,,,,,,
517,"Kid Country, USA",3.62,Golden Ponds,3.62,Campers and Camo,3.61,Young and Influential,3.46,Bedrock America,3.41,Country Squires,3.2,Hometown Retired,3.14,Small-Town Collegiates,3.13,White Picket Fences,3.1,New Homesteaders,2.73,Township Travelers,2.68,Pickup Patriarchs,2.46,Striving Selfies,2.34,Young and Rustic,2.25,Crossroad Villagers,2.18,New Beginnings,2.07,Back Country Folks,2.03,New Melting Pot,2.01,,,,
518,Family Thrifts,4.09,Hometown Retired,3.8,"Red, White and Blue",3.71,Golden Ponds,3.68,Bedrock America,3.65,"Kid Country, USA",3.42,Back Country Folks,3.24,Small-Town Collegiates,3.14,Campers and Camo,2.87,Country Strong,2.87,Young and Rustic,2.78,Lo-Tech Singles,2.72,Heartlanders,2.69,Country Casuals,2.55,New Beginnings,2.54,White Picket Fences,2.52,,,,,,,,
519,Generation Web,5.78,Kids and Cul-de-Sacs,3.98,Country Squires,3.67,Up-and-Comers,3.59,White Picket Fences,3.5,Back Country Folks,3.45,Beltway Boomers,3.12,Young and Rustic,3.06,Executive Suites,2.86,Small-Town Collegiates,2.72,Pools and Patios,2.55,Fast-Track Families,2.46,Struggling Singles,2.32,"Bright Lights, Li'l City",2.3,Lo-Tech Singles,2.29,Upward Bound,2.21,"Big Fish, Small Pond",2.18,,,,,,
520,Young and Rustic,6.55,Back Country Folks,5.98,Township Travelers,4.68,Lo-Tech Singles,3.45,White Picket Fences,3.32,Family Thrifts,3.09,"Red, White and Blue",3.02,"Kid Country, USA",2.97,Campers and Camo,2.91,Country Strong,2.74,Golden Ponds,2.72,Country Casuals,2.64,Bedrock America,2.5,Struggling Singles,2.43,Big Sky Families,2.4,,,,,,,,,,
521,"Big Fish, Small Pond",3.74,Pickup Patriarchs,3.4,Domestic Duos,3.21,Toolbelt Traditionalists,3.12,Multi-Culti Mosaic,2.99,Park Bench Seniors,2.95,Country Squires,2.86,Multi-Culti Families,2.8,Urban Modern Mix,2.8,Traditional Times,2.76,American Classics,2.7,Empty Nests,2.7,City Roots,2.64,Home Sweet Home,2.62,New Melting Pot,2.4,Mayberry-ville,2.37,"Bright Lights, Li'l City",2.36,Low-Rise Living,2.17,,,,
522,Bedrock America,7.02,Family Thrifts,6.08,Small-Town Collegiates,4.69,Young and Rustic,4.28,White Picket Fences,4.25,Generation Web,4.03,Back Country Folks,3.98,Lo-Tech Singles,3.94,Park Bench Seniors,2.76,Struggling Singles,2.72,Fast-Track Families,2.58,"Kid Country, USA",2.46,Golden Ponds,2.42,,,,,,,,,,,,,,
523,Mayberry-ville,11.0,Simple Pleasures,8.06,Fast-Track Families,7.78,Heartlanders,6.91,"Red, White and Blue",6.26,Country Casuals,6.13,Country Strong,5.18,,,,,,,,,,,,,,,,,,,,,,,,,,
524,Young and Influential,3.8,Township Travelers,3.78,"Kid Country, USA",3.43,New Beginnings,3.0,Upward Bound,2.92,Up-and-Comers,2.82,New Melting Pot,2.76,Networked Neighbors,2.66,Campers and Camo,2.56,Winner's Circle,2.45,Movers and Shakers,2.38,Metro Grads,2.3,White Picket Fences,2.28,Beltway Boomers,2.26,Striving Selfies,2.11,Hometown Retired,2.11,,,,,,,,
525,Young and Rustic,13.25,Bedrock America,11.33,Back Country Folks,7.91,Family Thrifts,4.61,"Red, White and Blue",4.57,Big Sky Families,4.49,Golden Ponds,4.32,,,,,,,,,,,,,,,,,,,,,,,,,,
526,Family Thrifts,9.01,Country Casuals,4.69,Heartlanders,4.67,Hometown Retired,4.43,Crossroad Villagers,4.16,Simple Pleasures,3.75,Small-Town Collegiates,3.56,Park Bench Seniors,3.09,Country Strong,3.04,Mayberry-ville,3.0,Pickup Patriarchs,2.86,Golden Ponds,2.74,Big Sky Families,2.7,,,,,,,,,,,,,,
527,Striving Selfies,3.34,Family Thrifts,3.27,Struggling Singles,3.17,Metro Grads,2.99,Lo-Tech Singles,2.9,Home Sweet Home,2.59,Big Sky Families,2.58,New Beginnings,2.56,Park Bench Seniors,2.46,Campers and Camo,2.39,Generation Web,2.37,Township Travelers,2.37,New Melting Pot,2.36,Pools and Patios,2.25,Young and Influential,2.16,Country Casuals,2.15,Golden Ponds,2.14,Hometown Retired,2.11,"Kid Country, USA",2.11,Executive Suites,2.05
528,City Roots,9.43,Urban Achievers,8.41,Urban Modern Mix,8.3,American Dreams,6.03,Low-Rise Living,5.23,Money and Brains,5.0,Multi-Culti Mosaic,4.65,Aspiring A-Listers,3.39,,,,,,,,,,,,,,,,,,,,,,,,
529,Big Sky Families,3.32,Home Sweet Home,3.25,Urban Modern Mix,2.81,Country Strong,2.77,"Bright Lights, Li'l City",2.75,"Red, White and Blue",2.67,Young and Rustic,2.48,Back Country Folks,2.47,Struggling Singles,2.45,Country Casuals,2.39,Pools and Patios,2.34,Toolbelt Traditionalists,2.31,Metro Grads,2.23,White Picket Fences,2.09,Campers and Camo,2.04,Park Bench Seniors,2.03,,,,,,,,
530,Striving Selfies,10.54,Young and Rustic,7.42,Back Country Folks,6.59,Family Thrifts,4.08,"Red, White and Blue",3.88,Country Strong,3.7,Generation Web,3.51,Country Casuals,3.36,Bedrock America,3.21,Big Sky Families,3.16,Simple Pleasures,2.77,,,,,,,,,,,,,,,,,,
531,Back Country Folks,10.57,Young and Rustic,8.36,"Red, White and Blue",5.7,Golden Ponds,5.53,Hometown Retired,4.52,Country Strong,4.37,Bedrock America,4.17,Crossroad Villagers,3.79,Heartlanders,3.64,,,,,,,,,,,,,,,,,,,,,,
532,Mayberry-ville,5.82,Simple Pleasures,3.55,Pickup Patriarchs,3.55,Generation Web,3.34,"Big Fish, Small Pond",3.31,Fast-Track Families,3.29,Country Casuals,3.23,Family Thrifts,2.97,Heartlanders,2.97,Small-Town Collegiates,2.94,Traditional Times,2.58,Country Squires,2.58,New Melting Pot,2.46,Park Bench Seniors,2.43,Up-and-Comers,2.31,Crossroad Villagers,2.26,Hometown Retired,2.25,,,,,,
533,"Big Fish, Small Pond",5.33,Country Squires,4.3,Family Thrifts,4.23,New Melting Pot,4.11,Pickup Patriarchs,3.86,Mayberry-ville,3.61,Traditional Times,3.58,Park Bench Seniors,3.36,"Bright Lights, Li'l City",2.72,Toolbelt Traditionalists,2.7,Fast-Track Families,2.66,New Beginnings,2.57,Generation Web,2.45,Home Sweet Home,2.42,Up-and-Comers,2.33,,,,,,,,,,
534,Empty Nests,5.39,Domestic Duos,4.26,Traditional Times,3.87,Crossroad Villagers,3.28,American Classics,3.26,Toolbelt Traditionalists,3.12,Lo-Tech Singles,3.0,"Bright Lights, Li'l City",2.83,New Beginnings,2.77,Struggling Singles,2.74,Generation Web,2.44,Striving Selfies,2.41,Family Thrifts,2.34,Up-and-Comers,2.33,New Melting Pot,2.3,Middleburg Managers,2.2,"Kid Country, USA",2.17,,,,,,
535,Up-and-Comers,3.16,Young and Influential,2.72,Striving Selfies,2.38,Pools and Patios,2.36,Metro Grads,2.32,Connected Bohemians,2.26,Urban Modern Mix,2.21,New Beginnings,2.18,Generation Web,2.17,Upward Bound,2.15,Kids and Cul-de-Sacs,2.15,Big Sky Families,2.14,Networked Neighbors,2.14,Executive Suites,2.05,,,,,,,,,,,,
536,Lo-Tech Singles,6.39,Struggling Singles,6.08,Crossroad Villagers,4.42,Golden Ponds,4.24,Park Bench Seniors,4.13,Heartlanders,4.09,American Classics,4.0,Hometown Retired,3.97,Family Thrifts,3.61,Traditional Times,3.56,Pickup Patriarchs,3.28,Toolbelt Traditionalists,3.01,,,,,,,,,,,,,,,,
537,Simple Pleasures,11.03,Heartlanders,10.17,"Red, White and Blue",8.97,Back Country Folks,8.94,Country Casuals,7.03,Country Strong,7.02,,,,,,,,,,,,,,,,,,,,,,,,,,,,
538,Urban Modern Mix,4.0,Empty Nests,3.34,Country Casuals,2.92,Middleburg Managers,2.73,Mayberry-ville,2.6,Pickup Patriarchs,2.59,Domestic Duos,2.54,Low-Rise Living,2.54,Small-Town Collegiates,2.4,Traditional Times,2.26,Heartlanders,2.24,Toolbelt Traditionalists,2.24,Multi-Culti Families,2.23,Executive Suites,2.16,Multi-Culti Mosaic,2.15,Home Sweet Home,2.12,"Bright Lights, Li'l City",2.02,,,,,,
539,Domestic Duos,6.95,Empty Nests,5.41,Crossroad Villagers,4.84,Traditional Times,3.45,American Classics,3.44,Lo-Tech Singles,3.24,Toolbelt Traditionalists,3.14,Struggling Singles,3.05,"Bright Lights, Li'l City",2.58,Park Bench Seniors,2.49,Township Travelers,2.36,"Kid Country, USA",2.13,Golden Ponds,2.07,Hometown Retired,2.06,Middleburg Managers,2.0,Home Sweet Home,2.0,,,,,,,,
540,Simple Pleasures,12.13,Heartlanders,10.25,Country Casuals,8.6,Back Country Folks,8.04,"Red, White and Blue",7.97,Mayberry-ville,6.82,,,,,,,,,,,,,,,,,,,,,,,,,,,,
541,Young and Rustic,9.24,Back Country Folks,5.67,Bedrock America,4.97,"Red, White and Blue",4.36,Country Strong,3.87,Generation Web,3.52,Golden Ponds,3.34,Big Sky Families,3.19,Campers and Camo,3.16,Small-Town Collegiates,3.11,White Picket Fences,2.81,"Kid Country, USA",2.68,Hometown Retired,2.51,,,,,,,,,,,,,,
542,Lo-Tech Singles,4.64,Family Thrifts,3.91,Park Bench Seniors,3.5,Struggling Singles,3.45,Metro Grads,3.03,Big Sky Families,3.0,Toolbelt Traditionalists,2.93,Country Casuals,2.75,"Bright Lights, Li'l City",2.74,American Classics,2.59,Home Sweet Home,2.5,Second City Generations,2.48,Campers and Camo,2.47,New Beginnings,2.41,Hometown Retired,2.41,Golden Ponds,2.39,Empty Nests,2.35,Striving Selfies,2.14,,,,
543,Family Thrifts,7.8,Mayberry-ville,4.73,Park Bench Seniors,4.51,Pickup Patriarchs,3.53,Toolbelt Traditionalists,3.45,"Bright Lights, Li'l City",3.36,"Big Fish, Small Pond",3.27,American Classics,3.14,Traditional Times,3.11,Fast-Track Families,3.04,New Melting Pot,2.98,Generation Web,2.93,Domestic Duos,2.86,Empty Nests,2.71,,,,,,,,,,,,
544,Young and Influential,3.34,New Melting Pot,3.26,New Beginnings,3.04,Beltway Boomers,3.0,Second City Startups,2.84,Home Sweet Home,2.82,"Bright Lights, Li'l City",2.82,Kids and Cul-de-Sacs,2.69,Pools and Patios,2.59,Up-and-Comers,2.55,Toolbelt Traditionalists,2.43,Cruisin' to Retirement,2.4,Park Bench Seniors,2.37,Striving Selfies,2.24,Metro Grads,2.14,,,,,,,,,,
545,Young and Rustic,7.7,Back Country Folks,6.94,White Picket Fences,4.46,Campers and Camo,4.12,"Red, White and Blue",4.0,Bedrock America,4.0,Country Strong,3.99,Small-Town Collegiates,3.59,Big Sky Families,3.35,Golden Ponds,3.2,"Kid Country, USA",3.12,Striving Selfies,3.04,,,,,,,,,,,,,,,,
546,Young and Rustic,5.72,Township Travelers,5.05,Back Country Folks,4.94,"Kid Country, USA",3.47,Family Thrifts,3.33,Lo-Tech Singles,3.14,Bedrock America,3.0,Generation Web,3.0,Golden Ponds,2.89,Country Strong,2.74,Campers and Camo,2.74,Striving Selfies,2.69,Hometown Retired,2.41,White Picket Fences,2.15,Struggling Singles,2.03,Small-Town Collegiates,2.01,,,,,,,,
547,Urban Modern Mix,5.59,Country Casuals,4.16,Big Sky Families,4.03,Heartlanders,3.09,Country Strong,2.95,Campers and Camo,2.64,Hometown Retired,2.5,Traditional Times,2.39,Crossroad Villagers,2.37,City Roots,2.37,Golden Ponds,2.34,Multi-Culti Mosaic,2.25,Pickup Patriarchs,2.15,"Red, White and Blue",2.13,Struggling Singles,2.12,Simple Pleasures,2.05,Metro Grads,2.05,Bedrock America,2.04,Striving Selfies,2.04,,
548,Empty Nests,7.41,Domestic Duos,6.19,City Roots,5.44,Gray Power,5.01,Urban Achievers,3.85,Urban Modern Mix,3.53,Traditional Times,3.46,Upper Crust,2.97,Money and Brains,2.76,Middleburg Managers,2.57,Multi-Culti Mosaic,2.45,Toolbelt Traditionalists,2.4,American Classics,2.36,,,,,,,,,,,,,,
549,Big Sky Families,8.43,Country Strong,8.42,"Red, White and Blue",7.86,Country Casuals,7.26,Heartlanders,7.05,Small-Town Collegiates,6.57,Simple Pleasures,5.31,,,,,,,,,,,,,,,,,,,,,,,,,,
550,Traditional Times,7.45,Back Country Folks,4.98,Young and Rustic,4.96,Mayberry-ville,3.73,"Big Fish, Small Pond",3.54,Striving Selfies,3.0,"Red, White and Blue",2.9,Crossroad Villagers,2.89,Country Casuals,2.62,Golden Ponds,2.57,Country Strong,2.5,Simple Pleasures,2.38,Empty Nests,2.25,Hometown Retired,2.18,Pickup Patriarchs,2.1,,,,,,,,,,
551,Striving Selfies,7.0,Metro Grads,4.26,Big Sky Families,3.46,Heartlanders,3.43,Country Casuals,3.34,Struggling Singles,3.33,Small-Town Collegiates,3.31,Generation Web,2.87,Home Sweet Home,2.84,Pickup Patriarchs,2.84,Country Strong,2.61,Hometown Retired,2.53,New Homesteaders,2.5,Mayberry-ville,2.35,Campers and Camo,2.29,Traditional Times,2.27,,,,,,,,
552,Back Country Folks,16.64,"Red, White and Blue",15.11,Simple Pleasures,14.7,Heartlanders,13.58,,,,,,,,,,,,,,,,,,,,,,,,,,,,,,,,
553,Simple Pleasures,12.33,Heartlanders,9.23,Country Casuals,7.03,"Red, White and Blue",6.57,Country Strong,4.33,Golden Ponds,4.06,Bedrock America,4.03,Campers and Camo,3.98,,,,,,,,,,,,,,,,,,,,,,,,
554,Hometown Retired,7.92,Golden Ponds,7.76,Crossroad Villagers,6.03,"Red, White and Blue",6.01,Heartlanders,5.9,Campers and Camo,4.87,Back Country Folks,4.85,Country Casuals,4.83,Simple Pleasures,4.64,,,,,,,,,,,,,,,,,,,,,,
555,Family Thrifts,4.83,Striving Selfies,3.6,Country Casuals,3.41,Generation Web,3.35,Country Strong,3.27,Mayberry-ville,3.21,Heartlanders,2.98,Park Bench Seniors,2.89,Pickup Patriarchs,2.82,Big Sky Families,2.81,Hometown Retired,2.76,Toolbelt Traditionalists,2.59,"Red, White and Blue",2.54,"Bright Lights, Li'l City",2.47,Fast-Track Families,2.27,Upward Bound,2.23,New Homesteaders,2.17,,,,,,
556,Mayberry-ville,3.97,Fast-Track Families,3.62,Young and Influential,3.59,Striving Selfies,2.93,Upward Bound,2.79,New Beginnings,2.64,Metro Grads,2.58,Home Sweet Home,2.54,Simple Pleasures,2.51,Generation Web,2.4,Lo-Tech Singles,2.39,Park Bench Seniors,2.28,"Bright Lights, Li'l City",2.22,Family Thrifts,2.22,Back Country Folks,2.21,Up-and-Comers,2.21,Country Casuals,2.19,Struggling Singles,2.16,Heartlanders,2.15,New Melting Pot,2.13
557,Young and Rustic,6.63,Back Country Folks,5.68,Golden Ponds,4.24,Hometown Retired,3.98,"Red, White and Blue",3.92,Country Casuals,3.92,Campers and Camo,3.66,Bedrock America,3.64,Country Strong,3.51,"Kid Country, USA",3.39,Heartlanders,3.02,Simple Pleasures,2.76,Big Sky Families,2.72,,,,,,,,,,,,,,
558,Big Sky Families,7.36,Country Casuals,6.56,Family Thrifts,5.95,Campers and Camo,3.85,Country Strong,3.83,Heartlanders,3.82,Lo-Tech Singles,3.77,Hometown Retired,3.72,Simple Pleasures,3.4,"Kid Country, USA",3.26,Golden Ponds,3.1,Pickup Patriarchs,2.95,,,,,,,,,,,,,,,,
559,Back Country Folks,16.66,Young and Rustic,9.5,"Red, White and Blue",8.43,Golden Ponds,8.14,Crossroad Villagers,5.72,Simple Pleasures,5.03,,,,,,,,,,,,,,,,,,,,,,,,,,,,
560,White Picket Fences,3.82,Striving Selfies,3.73,Country Squires,3.11,Young and Rustic,3.06,Small-Town Collegiates,2.94,Upward Bound,2.86,Back Country Folks,2.7,Young and Influential,2.58,Campers and Camo,2.58,Bedrock America,2.55,"Kid Country, USA",2.5,Township Travelers,2.49,New Homesteaders,2.44,Country Strong,2.27,Winner's Circle,2.23,"Red, White and Blue",2.21,Golden Ponds,2.18,New Beginnings,2.18,Up-and-Comers,2.14,,
561,Lo-Tech Singles,3.34,Family Thrifts,3.19,Struggling Singles,2.99,Township Travelers,2.85,New Beginnings,2.82,"Bright Lights, Li'l City",2.7,New Melting Pot,2.33,Toolbelt Traditionalists,2.33,"Big Fish, Small Pond",2.24,Park Bench Seniors,2.2,White Picket Fences,2.18,"Kid Country, USA",2.11,Up-and-Comers,2.11,Home Sweet Home,2.09,Empty Nests,2.01,,,,,,,,,,
563,New Homesteaders,3.32,Small-Town Collegiates,3.28,Heartlanders,2.98,Country Strong,2.97,Country Casuals,2.95,Big Sky Families,2.86,Fast-Track Families,2.78,Pickup Patriarchs,2.74,Campers and Camo,2.63,Hometown Retired,2.46,Mayberry-ville,2.45,"Kid Country, USA",2.31,Township Travelers,2.29,Bedrock America,2.26,"Red, White and Blue",2.25,Pools and Patios,2.12,Generation Web,2.11,Metro Grads,2.09,Traditional Times,2.06,Golden Ponds,2.03
564,Back Country Folks,11.73,Young and Rustic,10.93,"Red, White and Blue",8.68,Country Strong,5.28,Big Sky Families,4.32,Country Casuals,3.79,Golden Ponds,3.58,Hometown Retired,3.56,,,,,,,,,,,,,,,,,,,,,,,,
565,Heartlanders,7.16,Country Casuals,6.79,"Red, White and Blue",6.07,Country Strong,5.67,Back Country Folks,5.34,Simple Pleasures,5.15,Big Sky Families,5.0,Golden Ponds,3.81,Small-Town Collegiates,3.56,Hometown Retired,3.53,,,,,,,,,,,,,,,,,,,,
566,Pickup Patriarchs,6.11,New Homesteaders,4.91,Traditional Times,3.89,Big Sky Families,2.98,Hometown Retired,2.89,"Kid Country, USA",2.83,"Big Fish, Small Pond",2.82,Township Travelers,2.68,Country Casuals,2.58,Heartlanders,2.54,New Melting Pot,2.42,Campers and Camo,2.42,Home Sweet Home,2.28,Crossroad Villagers,2.27,Golden Ponds,2.24,White Picket Fences,2.2,Family Thrifts,2.17,,,,,,
567,Bedrock America,4.97,Golden Ponds,4.8,Campers and Camo,4.7,"Red, White and Blue",4.31,"Kid Country, USA",4.01,Young and Rustic,3.95,Back Country Folks,3.86,Crossroad Villagers,3.73,Hometown Retired,3.53,Country Strong,3.23,Small-Town Collegiates,3.21,Heartlanders,3.2,Simple Pleasures,3.12,,,,,,,,,,,,,,
569,Heartlanders,5.04,Country Strong,4.74,Big Sky Families,4.64,Country Casuals,4.31,Simple Pleasures,4.15,"Red, White and Blue",3.92,Small-Town Collegiates,3.53,Pickup Patriarchs,3.43,Striving Selfies,3.33,Traditional Times,3.06,Up-and-Comers,3.0,New Homesteaders,2.9,Mayberry-ville,2.84,Back Country Folks,2.76,,,,,,,,,,,,
570,Young and Rustic,10.01,Back Country Folks,6.99,Bedrock America,6.89,Traditional Times,6.89,Golden Ponds,6.35,Crossroad Villagers,5.53,Hometown Retired,5.14,Small-Town Collegiates,4.07,,,,,,,,,,,,,,,,,,,,,,,,
571,Empty Nests,9.39,Traditional Times,9.03,Domestic Duos,8.21,Crossroad Villagers,5.83,"Big Fish, Small Pond",4.32,Gray Power,3.14,Toolbelt Traditionalists,3.07,American Classics,2.91,Hometown Retired,2.48,"Kid Country, USA",2.4,,,,,,,,,,,,,,,,,,,,
573,Back Country Folks,5.89,Simple Pleasures,5.8,"Red, White and Blue",5.52,Heartlanders,4.78,Country Casuals,4.37,Country Strong,4.06,Big Sky Families,3.47,Golden Ponds,3.26,Young and Rustic,3.11,Small-Town Collegiates,2.57,Family Thrifts,2.51,Crossroad Villagers,2.48,Hometown Retired,2.41,,,,,,,,,,,,,,
574,Heartlanders,7.95,Simple Pleasures,6.95,"Red, White and Blue",6.22,Country Casuals,5.72,Big Sky Families,4.72,Country Strong,4.44,Back Country Folks,4.35,Striving Selfies,4.28,Crossroad Villagers,3.81,Golden Ponds,3.65,,,,,,,,,,,,,,,,,,,,
575,Back Country Folks,4.93,Young and Rustic,4.84,Campers and Camo,4.28,"Red, White and Blue",3.91,Golden Ponds,3.91,"Kid Country, USA",3.83,Hometown Retired,3.7,Country Strong,3.62,Big Sky Families,3.38,Country Casuals,3.21,Small-Town Collegiates,3.19,Pickup Patriarchs,3.08,Bedrock America,2.97,Heartlanders,2.65,,,,,,,,,,,,
576,Traditional Times,12.74,"Big Fish, Small Pond",6.49,Crossroad Villagers,6.22,Golden Ponds,5.23,Mayberry-ville,4.66,Heartlanders,4.22,Hometown Retired,4.02,Simple Pleasures,3.94,Bedrock America,3.77,,,,,,,,,,,,,,,,,,,,,,
577,Heartlanders,5.5,Country Casuals,5.47,Simple Pleasures,4.86,Hometown Retired,4.65,Big Sky Families,4.05,Golden Ponds,3.61,Country Strong,3.49,Pickup Patriarchs,3.44,"Red, White and Blue",3.36,"Kid Country, USA",3.36,Campers and Camo,3.11,Crossroad Villagers,3.08,American Classics,3.0,,,,,,,,,,,,,,
581,Big Sky Families,7.73,Country Casuals,6.86,Country Strong,5.66,"Red, White and Blue",5.36,Heartlanders,4.95,Back Country Folks,4.82,Campers and Camo,4.62,Golden Ponds,4.43,Simple Pleasures,4.09,Young and Rustic,3.86,,,,,,,,,,,,,,,,,,,,
582,Metro Grads,8.15,Second City Generations,5.21,New Beginnings,5.14,New Homesteaders,4.84,Generation Web,4.8,Upward Bound,4.32,Family Thrifts,4.02,Township Travelers,3.67,Small-Town Collegiates,3.3,Struggling Singles,3.1,"Red, White and Blue",3.0,Home Sweet Home,2.87,,,,,,,,,,,,,,,,
583,Simple Pleasures,13.34,Heartlanders,11.1,Back Country Folks,8.95,"Red, White and Blue",7.99,Country Casuals,6.92,Country Strong,4.34,,,,,,,,,,,,,,,,,,,,,,,,,,,,
584,Fast-Track Families,8.31,Mayberry-ville,7.82,Upward Bound,7.69,Striving Selfies,4.88,Country Squires,4.34,Heartlanders,3.84,"Big Fish, Small Pond",3.72,Simple Pleasures,3.4,Country Strong,3.32,"Red, White and Blue",3.22,,,,,,,,,,,,,,,,,,,,
588,Second City Generations,4.71,Big Sky Families,4.33,Heartlanders,3.61,Country Casuals,3.57,Campers and Camo,3.42,Country Strong,3.39,Family Thrifts,3.14,New Homesteaders,3.1,Pickup Patriarchs,3.05,Metro Grads,3.02,"Kid Country, USA",2.99,Bedrock America,2.98,Hometown Retired,2.95,Golden Ponds,2.92,"Red, White and Blue",2.75,Crossroad Villagers,2.67,,,,,,,,
592,Generation Web,6.99,Back Country Folks,6.73,Simple Pleasures,5.33,"Red, White and Blue",5.03,Upward Bound,4.79,Young and Rustic,4.09,New Beginnings,3.99,Heartlanders,3.85,Country Strong,3.73,Metro Grads,3.65,Fast-Track Families,3.63,,,,,,,,,,,,,,,,,,
596,Big Sky Families,6.63,Lo-Tech Singles,6.12,Family Thrifts,6.04,Country Strong,5.96,Country Casuals,5.68,"Red, White and Blue",4.87,Young and Rustic,4.56,Bedrock America,3.98,Crossroad Villagers,3.9,Heartlanders,3.87,,,,,,,,,,,,,,,,,,,,
597,Struggling Singles,8.18,Lo-Tech Singles,5.57,Big Sky Families,5.33,Country Casuals,5.28,Heartlanders,4.31,Back Country Folks,4.3,"Red, White and Blue",4.22,Simple Pleasures,3.75,American Classics,3.7,Bedrock America,3.67,Country Strong,3.54,,,,,,,,,,,,,,,,,,
598,"Red, White and Blue",10.41,Back Country Folks,9.49,Simple Pleasures,6.35,Country Strong,5.81,Heartlanders,5.47,Country Casuals,5.14,Young and Rustic,5.02,Golden Ponds,4.88,,,,,,,,,,,,,,,,,,,,,,,,
600,Urban Modern Mix,9.18,Bedrock America,4.66,Multi-Culti Mosaic,4.35,Low-Rise Living,3.88,White Picket Fences,3.52,Golden Ponds,3.36,Young and Rustic,3.25,Urban Achievers,2.89,City Roots,2.75,Back Country Folks,2.64,Hometown Retired,2.59,Crossroad Villagers,2.53,"Kid Country, USA",2.33,Kids and Cul-de-Sacs,2.33,,,,,,,,,,,,
602,The Cosmopolitans,3.77,Connected Bohemians,3.68,Young Digerati,3.49,Urban Modern Mix,3.47,Middleburg Managers,2.9,Aspiring A-Listers,2.77,City Roots,2.59,Cruisin' to Retirement,2.55,Gray Power,2.52,Executive Suites,2.5,Urban Achievers,2.46,Multi-Culti Mosaic,2.46,American Dreams,2.35,Low-Rise Living,2.28,Second City Generations,2.22,Second City Startups,2.15,Pools and Patios,2.13,"Bright Lights, Li'l City",2.11,Movers and Shakers,2.09,,
603,Bedrock America,9.47,Campers and Camo,7.13,Young and Rustic,6.3,Golden Ponds,5.72,"Red, White and Blue",5.71,Back Country Folks,5.22,Country Strong,4.78,Big Sky Families,4.55,Small-Town Collegiates,4.15,,,,,,,,,,,,,,,,,,,,,,
604,Striving Selfies,5.94,Small-Town Collegiates,5.73,Big Sky Families,5.46,Country Casuals,4.65,"Red, White and Blue",4.36,Country Strong,4.21,Simple Pleasures,4.2,Bedrock America,3.92,Campers and Camo,3.66,Young and Rustic,3.49,Heartlanders,3.49,Back Country Folks,3.34,,,,,,,,,,,,,,,,
605,Generation Web,6.71,Heartlanders,4.63,Big Sky Families,4.32,Country Casuals,4.02,Simple Pleasures,4.01,"Red, White and Blue",3.85,Country Strong,3.49,Small-Town Collegiates,3.44,Fast-Track Families,3.38,Family Thrifts,2.97,Struggling Singles,2.87,Metro Grads,2.84,American Classics,2.61,Bedrock America,2.58,,,,,,,,,,,,
606,Bedrock America,8.6,Young and Rustic,8.42,Back Country Folks,8.1,Small-Town Collegiates,5.56,"Red, White and Blue",4.93,Big Sky Families,4.8,Country Strong,4.4,Golden Ponds,4.3,Country Casuals,4.22,,,,,,,,,,,,,,,,,,,,,,
609,Urban Modern Mix,2.98,Middleburg Managers,2.49,"Bright Lights, Li'l City",2.48,Toolbelt Traditionalists,2.35,Executive Suites,2.28,Struggling Singles,2.25,Big Sky Families,2.19,The Cosmopolitans,2.16,Campers and Camo,2.1,Empty Nests,2.1,Country Casuals,2.05,Gray Power,2.05,Cruisin' to Retirement,2.04,Lo-Tech Singles,2.02,,,,,,,,,,,,
610,Family Thrifts,4.83,Struggling Singles,4.54,Lo-Tech Singles,4.48,Second City Generations,4.19,Park Bench Seniors,3.69,Metro Grads,3.39,Pickup Patriarchs,3.31,American Classics,3.2,New Homesteaders,3.01,Country Casuals,2.99,Toolbelt Traditionalists,2.96,Big Sky Families,2.93,Township Travelers,2.83,"Bright Lights, Li'l City",2.7,Hometown Retired,2.61,,,,,,,,,,
611,Big Sky Families,4.8,Country Casuals,4.58,Simple Pleasures,4.35,Heartlanders,4.19,"Red, White and Blue",3.52,Fast-Track Families,3.49,Country Squires,3.3,Country Strong,3.14,Metro Grads,2.61,Executive Suites,2.59,Mayberry-ville,2.51,Domestic Duos,2.39,American Classics,2.29,Campers and Camo,2.18,New Homesteaders,2.13,Crossroad Villagers,2.05,,,,,,,,
612,Young and Rustic,7.98,Bedrock America,7.47,Back Country Folks,7.29,"Red, White and Blue",5.23,Family Thrifts,4.89,Country Strong,4.07,Big Sky Families,3.92,Lo-Tech Singles,3.86,Country Casuals,3.73,Golden Ponds,3.58,,,,,,,,,,,,,,,,,,,,
613,Executive Suites,3.67,Fast-Track Families,3.63,Mayberry-ville,2.68,New Homesteaders,2.61,Simple Pleasures,2.55,Heartlanders,2.34,Networked Neighbors,2.32,Middleburg Managers,2.31,Big Sky Families,2.26,Winner's Circle,2.19,Country Squires,2.16,Cruisin' to Retirement,2.07,Generation Web,2.05,Domestic Duos,2.05,Country Casuals,2.01,,,,,,,,,,
616,Generation Web,5.16,Up-and-Comers,3.47,Executive Suites,3.26,Metro Grads,3.14,Home Sweet Home,2.93,Struggling Singles,2.46,Second City Generations,2.39,Park Bench Seniors,2.37,Toolbelt Traditionalists,2.33,"Bright Lights, Li'l City",2.23,American Classics,2.18,Kids and Cul-de-Sacs,2.18,Lo-Tech Singles,2.15,Upward Bound,2.14,Pools and Patios,2.06,New Homesteaders,2.05,Beltway Boomers,2.05,Fast-Track Families,2.03,,,,
617,Pickup Patriarchs,3.81,Multi-Culti Mosaic,3.64,Urban Modern Mix,3.59,Multi-Culti Families,3.58,City Roots,3.3,New Homesteaders,3.2,Traditional Times,2.84,"Big Fish, Small Pond",2.77,Small-Town Collegiates,2.36,Country Squires,2.28,Domestic Duos,2.19,Empty Nests,2.17,Connected Bohemians,2.12,Low-Rise Living,2.08,Mayberry-ville,2.03,,,,,,,,,,
618,Second City Startups,4.2,Pools and Patios,4.07,Second City Generations,3.6,Multi-Culti Families,3.12,Beltway Boomers,2.89,Kids and Cul-de-Sacs,2.86,Family Thrifts,2.65,Winner's Circle,2.59,New Melting Pot,2.52,New Beginnings,2.45,Executive Suites,2.35,Networked Neighbors,2.13,Lo-Tech Singles,2.02,Connected Bohemians,2.02,Multi-Culti Mosaic,2.02,,,,,,,,,,
619,"Red, White and Blue",7.34,Simple Pleasures,7.03,Back Country Folks,6.57,Heartlanders,5.29,Country Casuals,4.64,Country Strong,4.54,Young and Rustic,4.41,Big Sky Families,4.37,Bedrock America,3.6,Campers and Camo,3.47,,,,,,,,,,,,,,,,,,,,
622,American Dreams,4.51,Urban Modern Mix,3.96,Urban Achievers,3.79,City Roots,3.73,Money and Brains,3.36,Lo-Tech Singles,3.3,Family Thrifts,3.28,The Cosmopolitans,3.2,Campers and Camo,2.89,Struggling Singles,2.81,Bedrock America,2.74,Golden Ponds,2.59,Aspiring A-Listers,2.36,Young and Rustic,2.34,"Kid Country, USA",2.17,Low-Rise Living,2.17,Hometown Retired,2.05,,,,,,
623,Young and Influential,4.78,Second City Startups,3.82,New Beginnings,3.77,Second City Generations,3.42,Striving Selfies,3.28,Networked Neighbors,3.23,New Melting Pot,2.99,Winner's Circle,2.9,Kids and Cul-de-Sacs,2.88,Pools and Patios,2.85,Beltway Boomers,2.52,Up-and-Comers,2.19,Movers and Shakers,2.16,Upward Bound,2.13,,,,,,,,,,,,
624,Country Casuals,7.16,Big Sky Families,7.03,Heartlanders,5.49,Simple Pleasures,5.24,"Red, White and Blue",4.38,Country Strong,4.25,New Homesteaders,3.66,Small-Town Collegiates,3.21,Second City Generations,3.18,Campers and Camo,3.15,White Picket Fences,2.94,Pickup Patriarchs,2.68,,,,,,,,,,,,,,,,
625,Striving Selfies,7.64,Family Thrifts,4.47,New Beginnings,4.4,Pools and Patios,3.89,White Picket Fences,3.4,Generation Web,3.28,Second City Generations,2.91,Metro Grads,2.84,Fast-Track Families,2.78,Second City Startups,2.66,Simple Pleasures,2.63,Up-and-Comers,2.48,Big Sky Families,2.41,Country Strong,2.38,Country Casuals,2.35,,,,,,,,,,
626,Lo-Tech Singles,6.42,Struggling Singles,5.49,Home Sweet Home,4.92,Family Thrifts,4.83,Pools and Patios,4.61,Second City Generations,4.38,Park Bench Seniors,3.94,Toolbelt Traditionalists,3.68,"Bright Lights, Li'l City",3.37,New Melting Pot,3.07,Big Sky Families,2.98,Second City Startups,2.92,,,,,,,,,,,,,,,,
627,Bedrock America,6.58,White Picket Fences,4.55,Family Thrifts,4.37,Golden Ponds,4.11,Campers and Camo,3.94,Hometown Retired,3.87,Struggling Singles,3.58,Country Casuals,3.56,Back Country Folks,3.53,"Kid Country, USA",3.5,Small-Town Collegiates,3.46,Big Sky Families,3.17,Young and Rustic,2.9,,,,,,,,,,,,,,
628,Bedrock America,13.25,Young and Rustic,10.27,Back Country Folks,8.5,"Red, White and Blue",5.61,Golden Ponds,4.88,Family Thrifts,4.56,Country Strong,4.33,,,,,,,,,,,,,,,,,,,,,,,,,,
630,Young and Rustic,6.31,Back Country Folks,5.61,Bedrock America,3.91,Township Travelers,3.86,Country Strong,3.86,Big Sky Families,3.75,Hometown Retired,3.43,Lo-Tech Singles,3.36,"Red, White and Blue",3.32,Country Casuals,3.06,Family Thrifts,3.01,Campers and Camo,3.01,Golden Ponds,2.93,"Kid Country, USA",2.86,,,,,,,,,,,,
631,Bedrock America,8.81,Simple Pleasures,6.49,Country Casuals,6.43,"Red, White and Blue",6.43,Big Sky Families,6.1,Crossroad Villagers,4.86,Golden Ponds,4.8,Campers and Camo,4.49,Heartlanders,4.36,,,,,,,,,,,,,,,,,,,,,,
632,Bedrock America,9.2,Back Country Folks,7.29,"Red, White and Blue",6.73,Young and Rustic,6.17,Big Sky Families,6.0,Country Casuals,5.78,Golden Ponds,5.68,Heartlanders,5.26,,,,,,,,,,,,,,,,,,,,,,,,
633,Second City Generations,6.6,Pools and Patios,5.38,White Picket Fences,5.08,Second City Startups,4.66,Township Travelers,4.33,"Kid Country, USA",4.03,Big Sky Families,3.82,Campers and Camo,3.8,Young and Rustic,3.65,Fast-Track Families,2.96,Small-Town Collegiates,2.9,Home Sweet Home,2.8,,,,,,,,,,,,,,,,
634,Second City Generations,6.36,Bedrock America,5.56,Campers and Camo,3.81,White Picket Fences,3.4,Struggling Singles,3.34,Young and Rustic,3.32,Pools and Patios,3.1,Small-Town Collegiates,3.05,Lo-Tech Singles,3.05,Big Sky Families,3.05,Home Sweet Home,2.99,Country Strong,2.96,Family Thrifts,2.96,Second City Startups,2.85,Metro Grads,2.84,,,,,,,,,,
635,Young and Influential,5.3,Connected Bohemians,4.5,Upward Bound,3.73,Networked Neighbors,3.5,Fast-Track Families,3.47,Striving Selfies,3.35,Kids and Cul-de-Sacs,3.15,Country Squires,3.05,Winner's Circle,2.82,The Cosmopolitans,2.59,Township Travelers,2.51,Mayberry-ville,2.49,White Picket Fences,2.45,Bedrock America,2.35,Young Digerati,2.34,Up-and-Comers,2.19,Beltway Boomers,2.19,,,,,,
636,Lo-Tech Singles,10.51,Bedrock America,9.35,Second City Startups,6.89,Pools and Patios,6.0,Campers and Camo,5.54,Family Thrifts,4.91,Struggling Singles,4.51,Metro Grads,3.75,,,,,,,,,,,,,,,,,,,,,,,,
637,Big Sky Families,4.86,Country Casuals,4.46,Metro Grads,4.27,Fast-Track Families,4.03,Heartlanders,3.84,Simple Pleasures,3.56,Country Strong,3.35,Striving Selfies,3.27,Home Sweet Home,3.1,Executive Suites,3.08,Struggling Singles,3.02,"Red, White and Blue",2.7,Generation Web,2.47,"Bright Lights, Li'l City",2.37,Campers and Camo,2.34,,,,,,,,,,
638,Struggling Singles,6.18,Family Thrifts,4.72,Second City Generations,4.31,Lo-Tech Singles,4.11,Big Sky Families,3.96,Metro Grads,3.85,Country Strong,3.52,American Classics,3.41,Country Casuals,3.27,Park Bench Seniors,3.21,Domestic Duos,3.13,Simple Pleasures,3.1,"Red, White and Blue",2.95,"Bright Lights, Li'l City",2.71,,,,,,,,,,,,
639,Back Country Folks,8.55,Young and Rustic,7.83,"Red, White and Blue",6.99,Bedrock America,6.24,Country Strong,5.76,Big Sky Families,4.82,Golden Ponds,4.75,Country Casuals,4.35,Family Thrifts,4.34,,,,,,,,,,,,,,,,,,,,,,
640,Family Thrifts,6.43,Young and Rustic,4.66,Lo-Tech Singles,4.44,Back Country Folks,3.47,Bedrock America,3.41,New Beginnings,2.97,Struggling Singles,2.78,Park Bench Seniors,2.7,"Bright Lights, Li'l City",2.66,Second City Startups,2.49,"Red, White and Blue",2.48,Second City Generations,2.46,Township Travelers,2.43,Country Strong,2.35,Young and Influential,2.27,Small-Town Collegiates,2.26,,,,,,,,
641,Pools and Patios,5.13,Urban Modern Mix,4.89,Second City Startups,3.84,Second City Generations,3.61,Kids and Cul-de-Sacs,3.51,Beltway Boomers,2.86,Low-Rise Living,2.86,Mayberry-ville,2.62,Fast-Track Families,2.53,Home Sweet Home,2.51,Township Travelers,2.47,Lo-Tech Singles,2.29,New Beginnings,2.27,Young and Influential,2.12,Striving Selfies,2.03,Young and Rustic,2.0,,,,,,,,
642,Bedrock America,7.06,Young and Rustic,6.4,Township Travelers,5.75,Golden Ponds,4.9,Campers and Camo,4.59,"Red, White and Blue",3.83,Country Strong,3.62,Back Country Folks,3.58,"Kid Country, USA",3.56,Big Sky Families,3.55,Hometown Retired,3.36,,,,,,,,,,,,,,,,,,
643,Young and Rustic,5.65,Bedrock America,4.97,Lo-Tech Singles,4.84,Big Sky Families,4.46,Campers and Camo,4.15,Golden Ponds,4.01,Country Strong,3.93,Hometown Retired,3.8,White Picket Fences,3.78,Back Country Folks,3.57,Family Thrifts,3.48,"Kid Country, USA",3.22,Small-Town Collegiates,3.2,,,,,,,,,,,,,,
644,Young and Rustic,10.2,Bedrock America,7.03,Back Country Folks,6.74,"Red, White and Blue",6.54,Big Sky Families,6.0,Country Strong,5.67,Small-Town Collegiates,5.5,White Picket Fences,3.96,,,,,,,,,,,,,,,,,,,,,,,,
647,Young and Rustic,15.49,Bedrock America,14.52,Golden Ponds,8.95,Back Country Folks,8.13,Campers and Camo,4.62,,,,,,,,,,,,,,,,,,,,,,,,,,,,,,
648,Striving Selfies,5.69,Country Casuals,4.25,Big Sky Families,4.23,Golden Ponds,3.69,Campers and Camo,3.62,Struggling Singles,3.17,Hometown Retired,3.15,Bedrock America,3.09,Crossroad Villagers,3.01,Heartlanders,2.92,Family Thrifts,2.87,Lo-Tech Singles,2.69,Country Strong,2.64,New Homesteaders,2.55,Simple Pleasures,2.49,,,,,,,,,,
649,Big Sky Families,4.83,Country Casuals,4.16,Country Strong,4.08,"Red, White and Blue",3.88,Back Country Folks,3.64,Young and Rustic,3.51,Lo-Tech Singles,3.39,Struggling Singles,3.35,Heartlanders,3.24,Bedrock America,3.19,Golden Ponds,3.19,Campers and Camo,3.08,Hometown Retired,2.95,Crossroad Villagers,2.63,Simple Pleasures,2.57,,,,,,,,,,
650,Metro Grads,4.09,Family Thrifts,3.41,Struggling Singles,3.28,Home Sweet Home,3.02,Second City Generations,2.84,Striving Selfies,2.81,Generation Web,2.75,Pools and Patios,2.75,White Picket Fences,2.63,New Beginnings,2.6,Fast-Track Families,2.47,Big Sky Families,2.44,Lo-Tech Singles,2.41,New Melting Pot,2.35,Country Strong,2.3,"Bright Lights, Li'l City",2.27,Bedrock America,2.27,Campers and Camo,2.26,Second City Startups,2.26,,
651,New Beginnings,5.6,Family Thrifts,4.58,Home Sweet Home,4.36,Bedrock America,4.3,Striving Selfies,4.3,Second City Generations,4.18,Pools and Patios,4.03,Big Sky Families,3.32,Metro Grads,3.23,Young and Rustic,3.2,Generation Web,2.81,Campers and Camo,2.68,Golden Ponds,2.54,"Red, White and Blue",2.53,,,,,,,,,,,,
652,Home Sweet Home,3.77,Executive Suites,3.58,Kids and Cul-de-Sacs,3.53,Metro Grads,3.24,Striving Selfies,3.11,Pools and Patios,2.87,Second City Generations,2.84,New Beginnings,2.83,"Bright Lights, Li'l City",2.74,Beltway Boomers,2.68,Fast-Track Families,2.63,Young and Influential,2.55,Up-and-Comers,2.39,Generation Web,2.32,Struggling Singles,2.28,Park Bench Seniors,2.26,Networked Neighbors,2.25,Second City Startups,2.23,,,,
656,Back Country Folks,7.67,"Red, White and Blue",7.3,Young and Rustic,6.82,Country Strong,4.62,Simple Pleasures,4.26,Mayberry-ville,4.21,Heartlanders,3.99,Small-Town Collegiates,3.51,Country Casuals,3.39,Big Sky Families,3.1,Struggling Singles,2.83,,,,,,,,,,,,,,,,,,
657,Back Country Folks,8.26,Young and Rustic,7.22,Country Strong,6.38,Big Sky Families,6.11,Bedrock America,5.86,"Red, White and Blue",5.33,Small-Town Collegiates,5.07,Country Casuals,4.72,Simple Pleasures,3.64,,,,,,,,,,,,,,,,,,,,,,
658,Heartlanders,4.9,Country Casuals,4.81,Simple Pleasures,4.38,Big Sky Families,4.17,Home Sweet Home,3.42,Metro Grads,3.28,New Homesteaders,3.22,Country Strong,3.03,Small-Town Collegiates,2.97,"Bright Lights, Li'l City",2.94,Pickup Patriarchs,2.91,"Red, White and Blue",2.89,American Classics,2.78,Mayberry-ville,2.5,Struggling Singles,2.4,,,,,,,,,,
659,Country Strong,3.55,Upward Bound,3.49,"Red, White and Blue",3.3,Young and Rustic,3.27,Back Country Folks,3.24,Fast-Track Families,3.19,Big Sky Families,3.16,White Picket Fences,3.13,Young and Influential,3.05,Small-Town Collegiates,3.03,Striving Selfies,2.72,Country Squires,2.66,New Beginnings,2.63,Up-and-Comers,2.6,Bedrock America,2.47,Township Travelers,2.38,Heartlanders,2.35,,,,,,
661,Struggling Singles,5.89,Lo-Tech Singles,5.52,Home Sweet Home,4.9,Metro Grads,4.14,Simple Pleasures,4.14,Back Country Folks,3.86,"Bright Lights, Li'l City",3.58,"Red, White and Blue",3.44,New Beginnings,3.44,Second City Generations,3.33,Young and Rustic,2.94,Park Bench Seniors,2.88,Country Strong,2.85,,,,,,,,,,,,,,
662,Back Country Folks,5.5,Bedrock America,5.32,Simple Pleasures,5.19,Country Casuals,4.83,Young and Rustic,4.49,"Red, White and Blue",3.98,Big Sky Families,3.79,Country Strong,3.55,Campers and Camo,3.48,Struggling Singles,3.24,Small-Town Collegiates,3.15,Heartlanders,3.15,Golden Ponds,3.07,,,,,,,,,,,,,,
669,Striving Selfies,5.81,Generation Web,4.56,Fast-Track Families,4.09,New Homesteaders,4.03,Small-Town Collegiates,4.01,Executive Suites,3.74,Upward Bound,3.31,Heartlanders,3.23,Mayberry-ville,3.16,Pickup Patriarchs,2.9,Big Sky Families,2.88,Country Casuals,2.87,Simple Pleasures,2.73,"Red, White and Blue",2.49,White Picket Fences,2.46,,,,,,,,,,
670,Small-Town Collegiates,5.13,White Picket Fences,4.59,"Red, White and Blue",4.12,Young and Rustic,4.11,Bedrock America,4.09,Back Country Folks,4.05,Striving Selfies,3.92,New Homesteaders,3.89,Country Strong,3.69,Campers and Camo,3.29,Second City Generations,3.26,Big Sky Families,3.12,"Kid Country, USA",2.67,Country Squires,2.6,,,,,,,,,,,,
671,Back Country Folks,4.04,Young and Rustic,3.75,Bedrock America,3.33,Campers and Camo,3.26,Family Thrifts,3.04,Golden Ponds,2.95,Struggling Singles,2.86,"Red, White and Blue",2.75,Metro Grads,2.74,Country Strong,2.72,Big Sky Families,2.58,Hometown Retired,2.58,"Kid Country, USA",2.46,Park Bench Seniors,2.44,Crossroad Villagers,2.4,Country Casuals,2.38,Lo-Tech Singles,2.32,Second City Generations,2.32,,,,
673,Young and Rustic,16.53,Back Country Folks,12.64,Country Strong,7.82,"Red, White and Blue",7.48,Big Sky Families,6.79,,,,,,,,,,,,,,,,,,,,,,,,,,,,,,
675,Fast-Track Families,3.47,Metro Grads,3.47,Struggling Singles,3.38,Big Sky Families,3.28,New Homesteaders,2.97,Country Casuals,2.9,Campers and Camo,2.88,Pickup Patriarchs,2.8,Striving Selfies,2.8,Family Thrifts,2.8,Golden Ponds,2.79,Simple Pleasures,2.62,Hometown Retired,2.61,Heartlanders,2.59,"Red, White and Blue",2.54,"Kid Country, USA",2.48,Country Strong,2.45,Lo-Tech Singles,2.36,,,,
676,Simple Pleasures,8.73,Heartlanders,7.69,Country Casuals,6.84,Mayberry-ville,5.6,Golden Ponds,4.16,"Red, White and Blue",4.05,Crossroad Villagers,3.93,Campers and Camo,3.79,Big Sky Families,3.73,Country Strong,3.35,,,,,,,,,,,,,,,,,,,,
678,Generation Web,4.62,Heartlanders,3.98,"Red, White and Blue",3.71,Simple Pleasures,3.4,Big Sky Families,3.4,Struggling Singles,3.17,Country Strong,3.08,Country Casuals,2.92,Campers and Camo,2.91,Home Sweet Home,2.89,Metro Grads,2.77,Family Thrifts,2.74,Second City Generations,2.58,"Kid Country, USA",2.56,Lo-Tech Singles,2.55,"Bright Lights, Li'l City",2.53,White Picket Fences,2.42,,,,,,
679,Fast-Track Families,4.12,Metro Grads,3.61,Big Sky Families,3.52,New Homesteaders,3.49,Country Casuals,3.42,Small-Town Collegiates,3.4,Executive Suites,3.25,Striving Selfies,3.11,Simple Pleasures,2.84,Heartlanders,2.68,"Red, White and Blue",2.64,Country Strong,2.56,Generation Web,2.44,White Picket Fences,2.39,Campers and Camo,2.36,Home Sweet Home,2.23,Crossroad Villagers,2.2,,,,,,
682,Country Casuals,4.76,Big Sky Families,4.22,Struggling Singles,4.21,Lo-Tech Singles,3.61,Simple Pleasures,3.56,Heartlanders,3.5,Home Sweet Home,3.41,Metro Grads,3.31,"Bright Lights, Li'l City",3.05,Park Bench Seniors,3.01,Toolbelt Traditionalists,2.99,Second City Generations,2.76,American Classics,2.64,Hometown Retired,2.61,Country Strong,2.54,,,,,,,,,,
686,Lo-Tech Singles,3.94,Hometown Retired,3.84,Campers and Camo,3.71,Young and Rustic,3.61,"Kid Country, USA",3.61,Township Travelers,3.57,Struggling Singles,3.51,Golden Ponds,3.4,Pickup Patriarchs,3.4,White Picket Fences,3.28,New Homesteaders,3.21,Back Country Folks,3.09,Bedrock America,2.81,"Big Fish, Small Pond",2.57,Traditional Times,2.43,Family Thrifts,2.41,,,,,,,,
687,Small-Town Collegiates,8.13,Big Sky Families,6.89,White Picket Fences,6.53,New Homesteaders,5.75,Fast-Track Families,5.67,Country Casuals,4.95,Simple Pleasures,4.56,Heartlanders,4.11,"Red, White and Blue",3.73,,,,,,,,,,,,,,,,,,,,,,
691,Young and Rustic,5.89,Back Country Folks,5.07,Township Travelers,5.05,Country Strong,4.24,Big Sky Families,3.86,Bedrock America,3.76,Hometown Retired,3.45,"Red, White and Blue",3.39,Country Casuals,3.34,White Picket Fences,3.09,Small-Town Collegiates,2.99,Lo-Tech Singles,2.76,Family Thrifts,2.65,Fast-Track Families,2.55,,,,,,,,,,,,
692,Lo-Tech Singles,5.09,Second City Generations,4.22,Back Country Folks,4.06,Big Sky Families,3.9,Hometown Retired,3.68,Struggling Singles,3.54,Small-Town Collegiates,3.51,White Picket Fences,3.33,Bedrock America,3.21,Young and Rustic,3.14,Park Bench Seniors,3.07,Home Sweet Home,2.98,Golden Ponds,2.84,Country Casuals,2.84,Toolbelt Traditionalists,2.67,,,,,,,,,,
693,Back Country Folks,5.8,"Red, White and Blue",5.79,Young and Rustic,5.77,Bedrock America,4.82,Small-Town Collegiates,4.45,Country Strong,3.99,Big Sky Families,3.92,Country Casuals,3.49,Simple Pleasures,3.29,Campers and Camo,3.07,Family Thrifts,3.04,White Picket Fences,2.84,,,,,,,,,,,,,,,,
698,Young and Rustic,8.57,Back Country Folks,7.6,Bedrock America,5.87,Family Thrifts,4.32,Lo-Tech Singles,3.7,"Red, White and Blue",3.43,Country Casuals,3.28,Country Strong,3.22,Big Sky Families,3.09,Golden Ponds,3.03,Campers and Camo,2.88,Simple Pleasures,2.49,,,,,,,,,,,,,,,,
702,Heartlanders,5.92,Big Sky Families,5.81,Country Casuals,5.45,"Red, White and Blue",5.37,Simple Pleasures,5.29,Country Strong,4.79,New Homesteaders,3.92,Fast-Track Families,3.37,Small-Town Collegiates,3.35,Pickup Patriarchs,3.34,Striving Selfies,3.19,Metro Grads,2.87,,,,,,,,,,,,,,,,
705,Heartlanders,8.79,Simple Pleasures,8.36,Country Casuals,7.79,Big Sky Families,5.58,"Red, White and Blue",4.84,Country Strong,4.48,Pickup Patriarchs,3.57,Small-Town Collegiates,3.5,New Homesteaders,3.41,,,,,,,,,,,,,,,,,,,,,,
709,Bedrock America,6.0,Back Country Folks,5.53,Country Casuals,5.13,Young and Rustic,5.12,Big Sky Families,4.8,Country Strong,4.56,"Red, White and Blue",4.41,Simple Pleasures,3.98,Campers and Camo,3.57,Small-Town Collegiates,3.23,White Picket Fences,3.12,Golden Ponds,2.9,,,,,,,,,,,,,,,,
710,Young and Rustic,13.79,Back Country Folks,9.18,Bedrock America,7.92,"Red, White and Blue",7.36,Country Strong,5.8,Big Sky Families,5.11,Small-Town Collegiates,3.68,,,,,,,,,,,,,,,,,,,,,,,,,,
711,Young and Rustic,18.18,Back Country Folks,14.0,"Red, White and Blue",8.63,Country Strong,6.42,Bedrock America,6.27,,,,,,,,,,,,,,,,,,,,,,,,,,,,,,
716,Township Travelers,7.61,Family Thrifts,4.12,"Kid Country, USA",4.0,Campers and Camo,3.91,Hometown Retired,3.83,Lo-Tech Singles,3.31,Golden Ponds,3.21,Generation Web,3.19,Young and Rustic,3.15,Back Country Folks,3.12,Striving Selfies,2.83,Bedrock America,2.82,White Picket Fences,2.76,Metro Grads,2.52,,,,,,,,,,,,
717,Simple Pleasures,7.59,Country Casuals,7.23,"Red, White and Blue",7.08,Heartlanders,6.58,Big Sky Families,6.49,Country Strong,5.43,Back Country Folks,5.2,Young and Rustic,3.63,Bedrock America,2.83,,,,,,,,,,,,,,,,,,,,,,
718,Young and Rustic,9.22,Back Country Folks,7.09,Bedrock America,6.08,Golden Ponds,4.8,Township Travelers,4.41,Campers and Camo,4.16,Family Thrifts,3.81,"Kid Country, USA",3.72,Country Strong,3.6,"Red, White and Blue",3.58,,,,,,,,,,,,,,,,,,,,
722,Simple Pleasures,5.75,Heartlanders,5.15,Country Casuals,4.45,Striving Selfies,4.08,Big Sky Families,3.74,"Red, White and Blue",3.56,Metro Grads,3.41,Executive Suites,2.94,Home Sweet Home,2.79,New Beginnings,2.69,Country Strong,2.69,Fast-Track Families,2.53,American Classics,2.41,New Homesteaders,2.19,Pools and Patios,2.04,,,,,,,,,,
724,Simple Pleasures,5.33,Striving Selfies,4.82,Fast-Track Families,4.81,Heartlanders,4.7,Country Casuals,4.48,Big Sky Families,4.39,Executive Suites,3.75,"Red, White and Blue",3.66,Generation Web,3.5,Mayberry-ville,3.29,New Beginnings,3.12,Country Strong,2.93,New Homesteaders,2.78,,,,,,,,,,,,,,
725,Small-Town Collegiates,5.78,Simple Pleasures,5.06,Big Sky Families,4.79,New Homesteaders,4.78,Heartlanders,4.57,Country Casuals,4.5,White Picket Fences,4.28,Fast-Track Families,4.07,"Red, White and Blue",3.68,Country Strong,3.09,Bedrock America,2.9,Campers and Camo,2.82,,,,,,,,,,,,,,,,
734,Young and Rustic,8.32,Back Country Folks,6.75,Bedrock America,6.59,"Red, White and Blue",5.64,Family Thrifts,5.63,Campers and Camo,5.07,White Picket Fences,4.96,Country Strong,4.14,"Kid Country, USA",4.01,,,,,,,,,,,,,,,,,,,,,,
736,Young and Rustic,7.48,Country Strong,6.77,"Red, White and Blue",6.53,Family Thrifts,6.05,Back Country Folks,5.47,Big Sky Families,5.04,Small-Town Collegiates,4.41,New Beginnings,3.89,Bedrock America,3.56,Heartlanders,3.49,,,,,,,,,,,,,,,,,,,,
737,New Homesteaders,5.34,Big Sky Families,5.29,Fast-Track Families,5.26,Striving Selfies,4.4,Campers and Camo,4.1,Country Casuals,3.67,Pickup Patriarchs,3.56,Simple Pleasures,3.54,Crossroad Villagers,3.46,Heartlanders,3.31,Golden Ponds,3.11,"Red, White and Blue",3.06,Country Strong,2.97,,,,,,,,,,,,,,
740,Big Sky Families,4.92,Struggling Singles,4.86,Second City Generations,4.5,Home Sweet Home,4.23,Country Casuals,3.98,Crossroad Villagers,3.89,Metro Grads,3.83,Bedrock America,3.81,American Classics,3.72,"Bright Lights, Li'l City",3.49,Golden Ponds,3.4,Small-Town Collegiates,3.35,Simple Pleasures,3.24,,,,,,,,,,,,,,
743,Fast-Track Families,5.35,Up-and-Comers,4.76,Generation Web,4.74,New Homesteaders,4.73,Big Sky Families,4.51,Executive Suites,3.64,Township Travelers,3.44,Kids and Cul-de-Sacs,3.38,Winner's Circle,3.1,Home Sweet Home,2.67,Cruisin' to Retirement,2.67,Mayberry-ville,2.54,Upward Bound,2.42,Simple Pleasures,2.36,,,,,,,,,,,,
744,Money and Brains,8.57,American Dreams,6.86,Urban Achievers,5.61,Gray Power,4.36,City Roots,3.7,Upper Crust,3.6,The Cosmopolitans,3.59,Young Digerati,2.83,Mayberry-ville,2.53,Low-Rise Living,2.49,Pickup Patriarchs,2.23,Upward Bound,2.2,Urban Elders,2.17,,,,,,,,,,,,,,
745,White Picket Fences,11.91,Fast-Track Families,10.31,Small-Town Collegiates,7.33,Big Sky Families,5.62,Township Travelers,4.82,Country Strong,4.48,Generation Web,3.94,New Homesteaders,3.49,,,,,,,,,,,,,,,,,,,,,,,,
746,Family Thrifts,5.25,Lo-Tech Singles,5.21,Hometown Retired,4.24,Struggling Singles,4.07,Bedrock America,4.0,"Kid Country, USA",4.0,Township Travelers,3.64,Campers and Camo,3.61,Small-Town Collegiates,3.55,Golden Ponds,3.4,White Picket Fences,3.37,Big Sky Families,3.04,Park Bench Seniors,2.85,,,,,,,,,,,,,,
747,New Homesteaders,15.52,Small-Town Collegiates,9.73,White Picket Fences,9.11,Fast-Track Families,8.25,Pickup Patriarchs,6.85,Country Casuals,5.47,,,,,,,,,,,,,,,,,,,,,,,,,,,,
749,Second City Startups,12.85,Pools and Patios,12.02,Lo-Tech Singles,10.63,Family Thrifts,6.62,Kids and Cul-de-Sacs,4.54,Struggling Singles,4.17,,,,,,,,,,,,,,,,,,,,,,,,,,,,
751,The Cosmopolitans,4.37,Fast-Track Families,4.27,Connected Bohemians,3.79,American Dreams,3.4,Urban Achievers,2.99,Country Squires,2.96,Networked Neighbors,2.9,Winner's Circle,2.81,Young Digerati,2.79,Mayberry-ville,2.77,Kids and Cul-de-Sacs,2.57,Movers and Shakers,2.47,Upward Bound,2.47,Generation Web,2.13,Upper Crust,2.11,Gray Power,2.1,Striving Selfies,2.07,,,,,,
752,American Dreams,4.82,Urban Achievers,4.5,The Cosmopolitans,3.57,Kids and Cul-de-Sacs,2.91,Country Squires,2.89,Fast-Track Families,2.66,Mayberry-ville,2.54,City Roots,2.54,Low-Rise Living,2.4,Multi-Culti Mosaic,2.27,"Big Fish, Small Pond",2.15,Simple Pleasures,2.06,Urban Modern Mix,2.03,Lo-Tech Singles,2.0,,,,,,,,,,,,
753,Multi-Culti Families,4.98,Urban Achievers,3.78,City Roots,3.55,Multi-Culti Mosaic,3.5,Low-Rise Living,3.44,Empty Nests,3.02,American Dreams,2.97,The Cosmopolitans,2.77,Domestic Duos,2.67,Urban Modern Mix,2.63,Pools and Patios,2.28,Traditional Times,2.17,Kids and Cul-de-Sacs,2.13,Aspiring A-Listers,2.03,Country Squires,2.03,,,,,,,,,,
754,Fast-Track Families,10.58,Simple Pleasures,7.49,New Homesteaders,5.47,Small-Town Collegiates,5.3,Mayberry-ville,5.15,White Picket Fences,5.06,Heartlanders,4.84,Generation Web,4.12,Upward Bound,3.34,,,,,,,,,,,,,,,,,,,,,,
755,Heartlanders,7.5,Simple Pleasures,7.3,Bedrock America,7.24,"Red, White and Blue",4.51,Back Country Folks,4.06,American Classics,3.6,Family Thrifts,3.39,Country Casuals,3.08,"Bright Lights, Li'l City",3.05,New Homesteaders,2.99,Young and Rustic,2.87,Generation Web,2.85,,,,,,,,,,,,,,,,
756,Simple Pleasures,6.2,Heartlanders,5.71,Mayberry-ville,5.33,Fast-Track Families,4.47,Country Casuals,2.82,Generation Web,2.79,Small-Town Collegiates,2.76,Golden Ponds,2.74,"Red, White and Blue",2.74,Country Strong,2.4,American Classics,2.38,Executive Suites,2.34,New Homesteaders,2.34,Back Country Folks,2.26,Traditional Times,2.23,Home Sweet Home,2.21,,,,,,,,
757,Generation Web,4.55,Beltway Boomers,4.09,Executive Suites,3.97,Upward Bound,3.96,Kids and Cul-de-Sacs,3.62,Second City Startups,2.99,Middleburg Managers,2.88,Home Sweet Home,2.85,Pools and Patios,2.79,Metro Grads,2.76,"Kid Country, USA",2.67,Township Travelers,2.55,American Classics,2.51,Struggling Singles,2.48,"Bright Lights, Li'l City",2.46,Mayberry-ville,2.39,Up-and-Comers,2.3,,,,,,
758,Generation Web,5.72,Fast-Track Families,5.43,New Homesteaders,4.31,Country Strong,3.74,Country Squires,3.6,Mayberry-ville,3.39,Big Sky Families,3.22,Second City Generations,3.22,Pools and Patios,2.93,Metro Grads,2.9,Heartlanders,2.9,Township Travelers,2.87,Struggling Singles,2.76,"Kid Country, USA",2.74,Second City Startups,2.69,,,,,,,,,,
759,Fast-Track Families,4.91,Bedrock America,4.56,Second City Generations,3.31,Campers and Camo,3.27,Home Sweet Home,3.18,Mayberry-ville,3.07,Small-Town Collegiates,2.95,Golden Ponds,2.91,Struggling Singles,2.88,New Homesteaders,2.88,American Classics,2.82,Heartlanders,2.69,Metro Grads,2.63,Country Strong,2.6,"Red, White and Blue",2.54,Simple Pleasures,2.45,Crossroad Villagers,2.42,,,,,,
760,Country Strong,6.77,Big Sky Families,6.11,Mayberry-ville,6.08,Fast-Track Families,5.59,Campers and Camo,5.17,"Red, White and Blue",4.52,"Kid Country, USA",4.1,Heartlanders,3.9,Young and Rustic,3.59,Bedrock America,3.35,Country Casuals,3.22,,,,,,,,,,,,,,,,,,
762,Simple Pleasures,10.56,Mayberry-ville,9.65,Heartlanders,7.41,Fast-Track Families,7.16,Generation Web,4.96,"Red, White and Blue",3.57,New Homesteaders,3.45,Country Strong,3.41,,,,,,,,,,,,,,,,,,,,,,,,
764,Mayberry-ville,6.39,Heartlanders,5.36,Country Casuals,5.18,Small-Town Collegiates,5.12,Simple Pleasures,4.81,Young and Rustic,4.73,Fast-Track Families,3.92,White Picket Fences,3.79,New Homesteaders,3.59,Country Strong,3.47,Golden Ponds,3.41,"Red, White and Blue",3.38,,,,,,,,,,,,,,,,
765,Urban Modern Mix,8.02,Pools and Patios,7.53,Second City Generations,5.41,Lo-Tech Singles,4.84,Second City Startups,4.49,Multi-Culti Families,4.16,Family Thrifts,3.6,Low-Rise Living,3.24,City Roots,3.21,Multi-Culti Mosaic,3.21,Bedrock America,2.87,,,,,,,,,,,,,,,,,,
766,Fast-Track Families,8.13,Mayberry-ville,5.91,Township Travelers,4.82,Heartlanders,4.78,New Homesteaders,4.73,Pickup Patriarchs,3.37,American Classics,3.31,Small-Town Collegiates,3.05,"Red, White and Blue",2.89,Crossroad Villagers,2.74,Hometown Retired,2.63,Simple Pleasures,2.49,"Kid Country, USA",2.28,,,,,,,,,,,,,,
767,"Kid Country, USA",4.82,Golden Ponds,4.0,New Homesteaders,3.89,Big Sky Families,3.84,Pickup Patriarchs,3.77,Hometown Retired,3.72,Simple Pleasures,3.58,Struggling Singles,3.51,Campers and Camo,3.48,Bedrock America,3.23,Metro Grads,3.03,Home Sweet Home,2.96,Fast-Track Families,2.75,Heartlanders,2.7,White Picket Fences,2.7,,,,,,,,,,
770,Kids and Cul-de-Sacs,4.64,American Dreams,4.46,The Cosmopolitans,3.83,Urban Achievers,3.43,Beltway Boomers,2.99,Township Travelers,2.93,Winner's Circle,2.9,Executive Suites,2.85,Second City Startups,2.51,Fast-Track Families,2.42,New Homesteaders,2.35,Pools and Patios,2.32,Networked Neighbors,2.31,Multi-Culti Mosaic,2.12,Country Squires,2.11,Young Digerati,2.02,,,,,,,,
771,Second City Generations,10.2,Domestic Duos,6.64,Lo-Tech Singles,5.85,Campers and Camo,4.66,Family Thrifts,4.56,Pools and Patios,4.45,Park Bench Seniors,4.03,Second City Startups,3.97,Struggling Singles,3.88,American Classics,3.35,,,,,,,,,,,,,,,,,,,,
773,Mayberry-ville,5.73,Traditional Times,5.04,Home Sweet Home,4.21,Pools and Patios,3.74,New Homesteaders,3.45,"Big Fish, Small Pond",3.39,Pickup Patriarchs,3.24,Toolbelt Traditionalists,3.08,American Classics,2.87,"Bright Lights, Li'l City",2.81,Bedrock America,2.77,Crossroad Villagers,2.73,Empty Nests,2.58,Golden Ponds,2.52,Struggling Singles,2.48,,,,,,,,,,
789,City Roots,6.55,Low-Rise Living,6.29,Urban Modern Mix,5.51,Traditional Times,3.97,Crossroad Villagers,3.6,Township Travelers,3.37,"Big Fish, Small Pond",2.86,Mayberry-ville,2.53,Urban Achievers,2.36,Multi-Culti Mosaic,2.36,Empty Nests,2.3,,,,,,,,,,,,,,,,,,
790,Back Country Folks,4.23,Bedrock America,3.48,Simple Pleasures,3.48,Young and Rustic,3.47,Golden Ponds,3.28,Mayberry-ville,2.86,Campers and Camo,2.72,American Dreams,2.65,City Roots,2.62,Second City Generations,2.57,Low-Rise Living,2.55,Urban Achievers,2.45,Crossroad Villagers,2.42,Struggling Singles,2.27,Hometown Retired,2.07,"Kid Country, USA",2.01,,,,,,,,
798,Heartlanders,9.93,Small-Town Collegiates,7.72,"Red, White and Blue",6.58,Crossroad Villagers,6.56,Golden Ponds,6.42,Back Country Folks,6.4,Simple Pleasures,6.25,Bedrock America,5.65,,,,,,,,,,,,,,,,,,,,,,,,
800,Multi-Culti Families,13.89,Multi-Culti Mosaic,7.79,Urban Modern Mix,4.53,Pools and Patios,4.04,Urban Achievers,4.01,Second City Startups,3.64,Second City Generations,3.43,Family Thrifts,2.91,Kids and Cul-de-Sacs,2.54,Low-Rise Living,2.52,Township Travelers,2.17,,,,,,,,,,,,,,,,,,
801,Striving Selfies,7.13,Upward Bound,5.71,Crossroad Villagers,4.3,Simple Pleasures,3.96,Mayberry-ville,3.4,American Classics,3.28,Heartlanders,3.03,Small-Town Collegiates,3.02,Generation Web,2.67,Golden Ponds,2.59,Home Sweet Home,2.55,New Beginnings,2.47,Hometown Retired,2.43,Up-and-Comers,2.36,Metro Grads,2.28,,,,,,,,,,
802,Heartlanders,4.88,New Homesteaders,4.68,Golden Ponds,3.83,Striving Selfies,3.8,Young and Rustic,3.67,Pickup Patriarchs,3.62,American Classics,3.37,Small-Town Collegiates,3.35,Bedrock America,3.32,White Picket Fences,3.22,Upward Bound,3.2,Mayberry-ville,2.89,Campers and Camo,2.71,Simple Pleasures,2.68,Crossroad Villagers,2.57,,,,,,,,,,
803,Multi-Culti Families,7.43,Money and Brains,6.69,Aspiring A-Listers,5.82,Urban Elders,5.81,Multi-Culti Mosaic,5.68,American Dreams,5.26,Urban Achievers,4.88,Young Digerati,4.37,Low-Rise Living,3.77,City Roots,3.7,,,,,,,,,,,,,,,,,,,,
804,Empty Nests,10.11,Domestic Duos,7.07,Struggling Singles,5.83,American Classics,4.33,Park Bench Seniors,4.31,Gray Power,3.98,Family Thrifts,3.89,Traditional Times,3.66,Lo-Tech Singles,3.4,"Big Fish, Small Pond",3.25,New Melting Pot,2.8,,,,,,,,,,,,,,,,,,
807,Young Digerati,12.06,Money and Brains,10.33,Urban Elders,9.58,Upper Crust,5.77,Aspiring A-Listers,5.42,Connected Bohemians,4.91,Networked Neighbors,4.63,,,,,,,,,,,,,,,,,,,,,,,,,,
810,Second City Generations,4.05,Family Thrifts,2.9,Home Sweet Home,2.88,Pools and Patios,2.87,Big Sky Families,2.85,New Melting Pot,2.77,Metro Grads,2.74,Campers and Camo,2.62,White Picket Fences,2.53,Domestic Duos,2.51,"Kid Country, USA",2.42,Struggling Singles,2.37,Executive Suites,2.37,Kids and Cul-de-Sacs,2.25,Small-Town Collegiates,2.22,New Beginnings,2.19,Second City Startups,2.17,American Classics,2.13,New Homesteaders,2.1,Mayberry-ville,2.08
811,"Big Fish, Small Pond",4.64,Park Bench Seniors,3.97,New Beginnings,3.75,Mayberry-ville,3.62,New Melting Pot,3.6,White Picket Fences,3.58,Up-and-Comers,3.16,Traditional Times,2.59,Upward Bound,2.56,Young and Influential,2.56,Striving Selfies,2.53,Home Sweet Home,2.52,Pickup Patriarchs,2.33,Country Squires,2.3,Pools and Patios,2.24,Generation Web,2.17,Hometown Retired,2.11,,,,,,
813,Simple Pleasures,7.65,Heartlanders,4.88,Back Country Folks,4.27,Crossroad Villagers,4.11,Domestic Duos,3.67,Mayberry-ville,3.59,Empty Nests,3.05,Traditional Times,2.94,American Classics,2.91,"Red, White and Blue",2.9,Hometown Retired,2.82,Family Thrifts,2.79,Park Bench Seniors,2.63,Home Sweet Home,2.58,,,,,,,,,,,,
819,Networked Neighbors,5.41,Winner's Circle,4.85,Connected Bohemians,4.15,Young Digerati,3.85,Young and Influential,3.12,Upward Bound,3.01,Kids and Cul-de-Sacs,2.85,Executive Suites,2.84,Movers and Shakers,2.67,Cruisin' to Retirement,2.43,Mayberry-ville,2.28,Upper Crust,2.14,Country Squires,2.08,,,,,,,,,,,,,,
820,The Cosmopolitans,6.18,Urban Achievers,4.65,American Dreams,4.11,Connected Bohemians,3.36,Aspiring A-Listers,3.33,Young Digerati,3.09,City Roots,3.03,Money and Brains,2.56,Mayberry-ville,2.54,Fast-Track Families,2.37,Executive Suites,2.29,Multi-Culti Mosaic,2.27,Low-Rise Living,2.19,Winner's Circle,2.02,,,,,,,,,,,,
821,Mayberry-ville,10.17,Executive Suites,6.07,Upward Bound,4.72,Fast-Track Families,3.7,Kids and Cul-de-Sacs,3.21,Country Squires,2.95,Beltway Boomers,2.76,Domestic Duos,2.76,Simple Pleasures,2.51,Middleburg Managers,2.45,Striving Selfies,2.45,New Homesteaders,2.42,New Beginnings,2.21,"Big Fish, Small Pond",2.2,,,,,,,,,,,,
825,Upward Bound,5.97,Winner's Circle,5.47,Movers and Shakers,5.12,Upper Crust,4.78,Young and Influential,4.54,Networked Neighbors,4.41,Gray Power,3.55,Urban Achievers,3.22,The Cosmopolitans,3.1,Multi-Culti Mosaic,2.94,Aspiring A-Listers,2.92,Multi-Culti Families,2.81,Cruisin' to Retirement,2.75,,,,,,,,,,,,,,
828,Upward Bound,6.43,Second City Startups,5.35,New Melting Pot,5.32,Mayberry-ville,4.75,Gray Power,4.08,"Big Fish, Small Pond",3.88,Cruisin' to Retirement,3.68,Young and Influential,3.64,Upper Crust,3.48,Up-and-Comers,3.44,New Beginnings,3.28,American Classics,2.84,,,,,,,,,,,,,,,,
839,City Roots,7.09,Urban Modern Mix,6.63,Low-Rise Living,6.53,Multi-Culti Mosaic,5.14,Multi-Culti Families,4.74,Upward Bound,4.47,Up-and-Comers,4.16,Kids and Cul-de-Sacs,3.31,Pools and Patios,3.19,Empty Nests,2.95,Urban Achievers,2.54,,,,,,,,,,,,,,,,,,
855,Young and Influential,7.24,Upward Bound,6.36,"Big Fish, Small Pond",5.11,Gray Power,3.82,Traditional Times,3.69,New Melting Pot,3.66,Up-and-Comers,3.34,Upper Crust,3.24,Mayberry-ville,3.12,Striving Selfies,3.0,American Classics,2.93,Country Squires,2.87,Cruisin' to Retirement,2.71,,,,,,,,,,,,,,
862,Multi-Culti Families,5.02,Multi-Culti Mosaic,4.71,American Dreams,3.72,Urban Achievers,3.33,City Roots,3.07,Mayberry-ville,2.82,Kids and Cul-de-Sacs,2.8,Winner's Circle,2.58,The Cosmopolitans,2.52,Upward Bound,2.52,Aspiring A-Listers,2.48,Second City Startups,2.26,Money and Brains,2.23,Urban Modern Mix,2.16,Cruisin' to Retirement,2.16,Pools and Patios,2.09,,,,,,,,
866,Second City Generations,5.19,Multi-Culti Families,5.12,Second City Startups,5.08,Pools and Patios,3.92,Multi-Culti Mosaic,3.52,Bedrock America,2.91,Family Thrifts,2.87,Kids and Cul-de-Sacs,2.67,Urban Modern Mix,2.63,New Melting Pot,2.63,"Kid Country, USA",2.6,Home Sweet Home,2.52,Lo-Tech Singles,2.4,Up-and-Comers,2.31,Campers and Camo,2.28,Low-Rise Living,2.07,,,,,,,,
868,Simple Pleasures,4.5,Mayberry-ville,4.09,Golden Ponds,3.97,Hometown Retired,3.73,Striving Selfies,3.7,New Melting Pot,3.21,Upward Bound,3.14,Heartlanders,3.07,Crossroad Villagers,3.03,New Beginnings,3.01,American Classics,2.8,Back Country Folks,2.65,Campers and Camo,2.64,"Red, White and Blue",2.48,Bedrock America,2.48,"Kid Country, USA",2.47,,,,,,,,
881,Simple Pleasures,6.3,Heartlanders,4.3,Mayberry-ville,3.44,Home Sweet Home,3.3,Striving Selfies,3.04,Fast-Track Families,2.83,American Classics,2.8,Back Country Folks,2.77,"Red, White and Blue",2.56,Country Casuals,2.53,Small-Town Collegiates,2.44,Metro Grads,2.41,Country Strong,2.39,Domestic Duos,2.3,Struggling Singles,2.29,"Bright Lights, Li'l City",2.23,Executive Suites,2.18,,,,,,
